{
  "hash": "be05ad43",
  "configHash": "ab43881c",
  "lockfileHash": "8a515286",
  "browserHash": "da52ff07",
  "optimized": {
    "bootstrap/dist/js/bootstrap.bundle.min.js": {
      "src": "../../node_modules/bootstrap/dist/js/bootstrap.bundle.min.js",
      "file": "bootstrap_dist_js_bootstrap__bundle__min__js.js",
      "fileHash": "b58c3858",
      "needsInterop": true
    },
    "react": {
      "src": "../../node_modules/react/index.js",
      "file": "react.js",
      "fileHash": "3de85360",
      "needsInterop": true
    },
    "react-dom/client": {
      "src": "../../node_modules/react-dom/client.js",
      "file": "react-dom_client.js",
      "fileHash": "b6368533",
      "needsInterop": true
    },
    "react-router-dom": {
      "src": "../../node_modules/react-router-dom/dist/index.mjs",
      "file": "react-router-dom.js",
      "fileHash": "2b7c088b",
      "needsInterop": false
    }
  },
  "chunks": {
    "chunk-ZWXIXSTW": {
      "file": "chunk-ZWXIXSTW.js"
    },
    "chunk-6VPNIYGA": {
      "file": "chunk-6VPNIYGA.js"
    },
    "chunk-5WRI5ZAA": {
      "file": "chunk-5WRI5ZAA.js"
    }
  }
}